Virus name	Type	Accession ID	Collection date	Location	Additional location information	Sequence length	Host	Patient age	Gender	Clade	Pango lineage	Pangolin version	Variant	AA Substitutions	Submission date	Is reference?	Is complete?	Is high coverage?	Is low coverage?	N-Content	GC-Content
hCoV-19/USA/FL-BPHL-1497/2021	betacoronavirus	EPI_ISL_1674812	2021-03-04	North America / USA / Florida		29824	Human	unknown	unknown	GR	R.1	2022-02-02		(Spike_G769V,NSP13_I334V,NSP14_P412H,Spike_E484K,N_R203K,NSP5_T93I,N_G204R,NSP2_S196L,NSP12_I145T,M_F28L,Spike_W152L,N_S187L,NSP12_P323L,NSP13_G439R,Spike_D614G,N_Q418H)	2021-04-22		True	True			0.37982832618
hCoV-19/England/QEUH-1B13558/2021	betacoronavirus	EPI_ISL_3381171	2021-08-06	Europe / United Kingdom / England		29769	Human	unknown	unknown	GK	AY.4	2022-02-02	VOC Delta GK (B.1.617.2+AY.*) first detected in India	(N_G215C,NSP3_A1711V,Spike_T95I,N_D63G,N_R203M,NSP12_G671S,Spike_T859I,Spike_G142D,NS3_S26L,Spike_P681R,Spike_R158del,NSP3_P1228L,NS7a_V82A,NSP3_A488S,Spike_F157del,NSP4_T492I,NSP14_A394V,Spike_T19R,NS7a_T120I,N_D377Y,M_I82T,Spike_D950N,NS7b_T40I,NSP13_P77L,Spike_E156G,NSP3_P1469S,Spike_T478K,NSP6_T77A,NSP12_P323L,Spike_D614G,NSP4_V167L,Spike_L452R)	2021-08-13		True	True		0.00456866433754	0.379522138229
hCoV-19/England/ALDP-20C664A/2021	betacoronavirus	EPI_ISL_5242412	2021-10-09	Europe / United Kingdom / England		29769	Human	unknown	unknown	GK	AY.4	2022-02-02	VOC Delta GK (B.1.617.2+AY.*) first detected in India	(N_G215C,NSP3_A1711V,Spike_T95I,N_D63G,N_R203M,NSP3_K233E,NSP12_G671S,N_S194L,NS3_S26L,Spike_P681R,Spike_R158del,NSP3_P1228L,NS7a_V82A,NSP3_A488S,Spike_F157del,NSP4_T492I,NSP12_V341I,NSP14_A394V,Spike_T19R,NS7a_T120I,N_D377Y,M_I82T,Spike_D950N,NS7a_K2R,NS7b_T40I,NSP13_P77L,Spike_E156G,NSP3_P1469S,Spike_M177I,Spike_T478K,NSP6_T77A,NSP15_V22L,NSP12_P323L,Spike_D614G,NSP4_V167L,Spike_L452R)	2021-10-16		True	True		0.0053411266754	0.379972982101
hCoV-19/USA/MD-CDC-LC0023368/2021	betacoronavirus	EPI_ISL_1320445	2021-02-27	North America / USA / Maryland		29713	Human	30	Male	GR	B.1.1.207	2022-02-02		(NSP2_S248G,Spike_E484K,N_R203K,M_V70F,N_G204R,NS3_A143S,NSP6_A2V,NSP12_P323L,Spike_P681H,Spike_D614G)	2021-03-23		True		True	0.261804597314	0.380550743139
hCoV-19/England/NEWC-2925EDF/2021	betacoronavirus	EPI_ISL_6109849	2021-11-02	Europe / United Kingdom / England		29764	Human	unknown	unknown	GK	AY.4	2022-02-02	VOC Delta GK (B.1.617.2+AY.*) first detected in India	(NSP2_V123I,NSP13_S166L,N_G215C,NSP3_A1711V,Spike_T95I,N_D63G,N_R203M,NSP12_G671S,Spike_G142D,NS3_S26L,Spike_P681R,Spike_R158del,NSP3_P1228L,NS7a_V82A,NSP3_A488S,Spike_F157del,NSP4_L323F,NSP4_T492I,NSP14_A394V,Spike_T19R,NS7a_T120I,N_D377Y,M_I82T,Spike_D950N,NS7b_T40I,NSP13_P77L,Spike_E156G,NSP15_Q18E,NSP3_P1469S,Spike_T478K,NSP6_T77A,NSP12_P323L,NSP12_F694Y,Spike_D614G,NSP4_V167L,Spike_L452R)	2021-11-09		True	True			0.379443585781
hCoV-19/Denmark/DCGC-240024/2021	betacoronavirus	EPI_ISL_6965046	2021-11-24	Europe / Denmark / Hovedstaden		29819	Human	unknown	unknown	GK	AY.43	2022-02-02	VOC Delta GK (B.1.617.2+AY.*) first detected in India	(N_G215C,N_D63G,N_R203M,NSP12_G671S,NSP3_P1103L,Spike_G142D,NS8_D63Y,NS3_S26L,NSP14_L177F,Spike_P681R,Spike_R158del,NSP3_P1228L,NSP13_P529L,NS7a_V82A,NSP3_A488S,Spike_F157del,NSP4_T492I,NSP3_T1590I,NSP14_A394V,Spike_T19R,NS7a_T120I,N_D377Y,M_I82T,Spike_D950N,N_Q9L,NS7b_T40I,NSP13_P77L,Spike_E156G,NSP3_P1469S,Spike_T478K,NSP12_L838I,NSP6_T77A,NSP12_P323L,Spike_D614G,NSP4_V167L,Spike_L452R)	2021-12-02		True	True			0.379523122841
hCoV-19/England/QEUH-1B16A0B/2021	betacoronavirus	EPI_ISL_3381172	2021-08-05	Europe / United Kingdom / England		29769	Human	unknown	unknown	GK	AY.4	2022-02-02	VOC Delta GK (B.1.617.2+AY.*) first detected in India	(N_G215C,NSP3_A1711V,Spike_T95I,N_D63G,N_R203M,NSP12_G671S,NSP12_H613Y,Spike_G142D,NS3_S26L,Spike_P681R,Spike_R158del,NSP3_P1228L,NSP12_T293I,NS7a_V82A,NSP3_A488S,Spike_F157del,NSP4_T492I,NSP14_A394V,Spike_T19R,NS7a_T120I,N_D377Y,M_I82T,Spike_D950N,NS7b_T40I,NSP13_P77L,NSP14_A119V,Spike_E156G,NSP3_P1469S,Spike_T478K,NSP6_T77A,NSP12_P323L,Spike_D614G,NSP4_V167L,Spike_L452R)	2021-08-13		True	True			0.379522321878
hCoV-19/Norway/OUS-07290/2021	betacoronavirus	EPI_ISL_4120353	2021-05-10	Europe / Norway / Oslo		29809	Human	unknown	unknown	GR	B.1.1.7	2022-02-02	VOC Alpha GRY (B.1.1.7+Q.*) first detected in the UK	(Spike_H69del,NS8_Q27stop,NSP3_T183I,Spike_T716I,NSP6_S106del,N_R203K,Spike_A570D,NSP13_K460R,NSP13_P78S,Spike_N501Y,NSP3_I1412T,NS8_R52I,Spike_P681H,NSP3_L431F,Spike_Y144del,NS3_V90F,NSP6_G107del,NSP3_A890D,NS3_A72S,Spike_D1118H,NS3_P42H,NSP6_F108del,NS8_Y73C,N_G204R,Spike_V70del,NSP12_P323L,Spike_D614G,N_D3L,Spike_S982A,N_S235F,N_T24I)	2021-09-13		True	True			0.379583347311
hCoV-19/USA/MO-CDC-ASC210624312/2021	betacoronavirus	EPI_ISL_8077620	2021-12-13	North America / USA / Missouri		29810	Human	28	Female	GK	AY.3	2022-02-02	VOC Delta GK (B.1.617.2+AY.*) first detected in India	(N_G215C,N_D63G,N_R203M,NSP12_G671S,NSP13_G206V,NS3_D210A,NSP6_I162V,NSP2_G339S,Spike_G142D,NS3_S26L,NS7a_R78L,Spike_P681R,Spike_R158del,NSP3_P1228L,NS7a_V82A,NSP3_A488S,Spike_F157del,NSP4_T492I,NSP14_A394V,Spike_T19R,NS7a_T120I,NS8_F16S,Spike_V70I,N_D377Y,M_I82T,Spike_D950N,NS7b_T40I,NSP13_P77L,NSP14_A119V,Spike_E156G,NSP13_Y253H,NSP12_M756I,NSP3_P1469S,Spike_T478K,NSP6_T77A,NSP12_P323L,Spike_D614G,NSP4_V167L,Spike_L452R)	2021-12-25		True	True			0.379604159678
